id,raw_text,pii_types_detected,sanitized_text,department,urgency_level,urgency_score,category
BM-ELEC-001,EMERGENCY: Live high tension wire 11KV snapped and sparking violently on wet road near Sector 4 market. Contact Rajesh Kumar at 9876543210 immediately before someone gets electrocuted!,"['PHONE', 'NAME']",EMERGENCY: Live high tension wire 11KV snapped and sparking violently on wet road near Sector 4 market. Contact [NAME REDACTED] at [PHONE REDACTED] immediately before someone gets electrocuted!,Electricity & Power,critical,0.98,Hazardous Live Wire
BM-ELEC-002,Local distribution transformer exploded with smoke and fire at Block C. Power cut across 500 houses. Call technician Amit Sharma 9811223344 or email amit.sharma@gmail.com.,"['PHONE', 'EMAIL', 'NAME']",Local distribution transformer exploded with smoke and fire at Block C. Power cut across 500 houses. Call technician [NAME REDACTED] [PHONE REDACTED] or email [EMAIL REDACTED].,Electricity & Power,critical,0.95,Transformer Fire
BM-ELEC-003,Frequent unscheduled power cuts for 6 hours daily during board exams in Ward 12. Kindly inspect the local sub-station feeder.,[],Frequent unscheduled power cuts for 6 hours daily during board exams in Ward 12. Kindly inspect the local sub-station feeder.,Electricity & Power,medium,0.55,Power Outage
BM-ELEC-004,Streetlight pole number 14 on 5th Avenue is not turning on since last Monday. Street is dark at night.,[],Streetlight pole number 14 on 5th Avenue is not turning on since last Monday. Street is dark at night.,Electricity & Power,low,0.3,Streetlight Outage
BM-ELEC-005,Heavy voltage fluctuation caused television and refrigerator to burn out at Plot 45. Meter number 88721990.,[],Heavy voltage fluctuation caused television and refrigerator to burn out at Plot 45. Meter number 88721990.,Electricity & Power,high,0.78,Voltage Surge
BM-ROAD-001,FATAL DANGER: Open manhole without cover on unlit highway service lane near City Hospital! Two bikers fell already. Report filed by Priya Verma Aadhaar 4521 8900 1234.,"['AADHAAR', 'NAME']",FATAL DANGER: Open manhole without cover on unlit highway service lane near City Hospital! Two bikers fell already. Report filed by [NAME REDACTED] Aadhaar [AADHAAR REDACTED].,Roads & Infrastructure,critical,0.96,Missing Manhole Cover
BM-ROAD-002,Huge crater pothole 2 feet deep near railway underpass causing extreme traffic jams and axle damage to ambulances. Call Sunil at 9988776655.,"['PHONE', 'NAME']",Huge crater pothole 2 feet deep near railway underpass causing extreme traffic jams and axle damage to ambulances. Call [NAME REDACTED] at [PHONE REDACTED].,Roads & Infrastructure,high,0.82,Severe Pothole
BM-ROAD-003,Pedestrian zebra crossing paint is completely faded outside St. Mary School. Drivers do not yield to crossing children.,[],Pedestrian zebra crossing paint is completely faded outside St. Mary School. Drivers do not yield to crossing children.,Roads & Infrastructure,medium,0.5,Road Safety Marking
BM-ROAD-004,Speed breaker constructed on 80ft road violates IRC standards and has no reflector paint or warning signboards.,[],Speed breaker constructed on 80ft road violates IRC standards and has no reflector paint or warning signboards.,Roads & Infrastructure,low,0.35,Illegal Speed Breaker
BM-ROAD-005,Bridge guard rail on Kali River bridge is broken off after a truck collision. Precipice drop of 40 feet directly into river.,[],Bridge guard rail on Kali River bridge is broken off after a truck collision. Precipice drop of 40 feet directly into river.,Roads & Infrastructure,critical,0.94,Structural Bridge Hazard
BM-WAT-001,SEVERE CONTAMINATION: Tap water supplied this morning smells foul like sewage and is blackish-brown. Multiple children vomiting in Govindpuri. Reach Dr. Anita Roy on 9820112233.,"['PHONE', 'NAME']",SEVERE CONTAMINATION: Tap water supplied this morning smells foul like sewage and is blackish-brown. Multiple children vomiting in Govindpuri. Reach [NAME REDACTED] on [PHONE REDACTED].,Water Supply Department,critical,0.97,Sewage Mixing in Drinking Water
BM-WAT-002,Major 12-inch water trunk pipeline burst at Main Square. Clean drinking water gushing onto road flooding basements.,[],Major 12-inch water trunk pipeline burst at Main Square. Clean drinking water gushing onto road flooding basements.,Water Supply Department,high,0.85,Burst Pipeline
BM-WAT-003,No municipal water supply in Pocket B for the past 4 days. Water tanker mafia charging 2000 rupees per tanker. Send civic water tanker.,[],No municipal water supply in Pocket B for the past 4 days. Water tanker mafia charging 2000 rupees per tanker. Send civic water tanker.,Water Supply Department,high,0.79,Water Shortage
BM-WAT-004,Water pressure is very low on 3rd floor flats in Shanti Kunj. Pipeline may have silt buildup.,[],Water pressure is very low on 3rd floor flats in Shanti Kunj. Pipeline may have silt buildup.,Water Supply Department,low,0.28,Low Water Pressure
BM-SAN-001,Hospital biomedical waste including used needles and infected blood bags dumped illegally in open public playground behind Sector 15 nursery!,[],Hospital biomedical waste including used needles and infected blood bags dumped illegally in open public playground behind Sector 15 nursery!,Sanitation & Waste Management,critical,0.97,Hazardous Biomedical Waste
BM-SAN-002,Garbage collection truck has not visited Shastri Nagar for 12 days. Huge rotten waste mountain attracting stray dogs and flies.,[],Garbage collection truck has not visited Shastri Nagar for 12 days. Huge rotten waste mountain attracting stray dogs and flies.,Sanitation & Waste Management,high,0.8,Uncollected Garbage
BM-SAN-003,Open storm drain blocked with plastic trash causing foul black water to overflow onto pedestrian walkway.,[],Open storm drain blocked with plastic trash causing foul black water to overflow onto pedestrian walkway.,Sanitation & Waste Management,medium,0.62,Blocked Drain Overflow
BM-SAN-004,Public park dustbin lid broken and container is full. Kindly request sanitary staff to replace bin.,[],Public park dustbin lid broken and container is full. Kindly request sanitary staff to replace bin.,Sanitation & Waste Management,low,0.25,Dustbin Repair
BM-CORR-001,"Sub-registrar clerk Ramesh in Tehsil office explicitly demanded 25,000 cash bribe to release land registry mutation papers. File ref: MUT/2026/891. My phone is 9711002233.","['PHONE', 'NAME']","Sub-registrar clerk [NAME REDACTED] in Tehsil office explicitly demanded 25,000 cash bribe to release land registry mutation papers. File ref: MUT/2026/891. My phone is [PHONE REDACTED].",Anti-Corruption & Governance,high,0.88,Bribery & Extortion
BM-CORR-002,Ration shop FPS-340 dealer siphoning subsidized wheat and rice to private market and refusing PDS quota to BPL cardholders without illegal 200 rupee fee.,[],Ration shop FPS-340 dealer siphoning subsidized wheat and rice to private market and refusing PDS quota to BPL cardholders without illegal 200 rupee fee.,Anti-Corruption & Governance,high,0.84,PDS Racket
BM-CORR-003,Government primary school mid-day meal funds embezzled; children given only watery porridge while principal misreports procurement bills.,[],Government primary school mid-day meal funds embezzled; children given only watery porridge while principal misreports procurement bills.,Anti-Corruption & Governance,critical,0.92,Public Embezzlement
